ecg_id,error
JS01052,Failed to load signal
JS01717,Too few R-peaks
JS01814,Failed to load signal
JS09981,Too few R-peaks
JS10036,Too few R-peaks
JS10206,Too few R-peaks
JS10242,Too few R-peaks
JS10294,Too few R-peaks
JS10297,Too few R-peaks
JS10353,Too few R-peaks
JS10365,Too few R-peaks
JS10617,Too few R-peaks
JS10623,Too few R-peaks
JS10626,Too few R-peaks
JS10627,Too few R-peaks
JS10628,Too few R-peaks
JS10630,Too few R-peaks
JS10633,Too few R-peaks
JS10634,Too few R-peaks
JS10635,index 0 is out of bounds for axis 0 with size 0
JS10637,Too few R-peaks
JS10643,Too few R-peaks
JS10645,Too few R-peaks
JS10655,Too few R-peaks
JS10818,cannot convert float NaN to integer
JS11246,Too few R-peaks
JS11518,Too few R-peaks
JS11859,Too few R-peaks
JS12376,cannot convert float NaN to integer
JS17768,Failed to load signal
JS18655,Too few R-peaks
JS18671,cannot convert float NaN to integer
JS18957,Too few R-peaks
JS19039,cannot convert float NaN to integer
JS19042,Too few R-peaks
JS19066,Too few R-peaks
JS21251,Failed to load signal
JS22237,Too few R-peaks
JS22908,Failed to load signal
JS22909,Failed to load signal
JS23074,Failed to load signal
JS23103,Too few R-peaks
JS23230,Too few R-peaks
JS23250,Too few R-peaks
JS23291,Too few R-peaks
JS23295,cannot convert float NaN to integer
JS23299,Too few R-peaks
JS23337,Too few R-peaks
JS23356,Failed to load signal
JS23393,Failed to load signal
JS24148,cannot convert float NaN to integer
JS24627,Failed to load signal
JS24629,Failed to load signal
JS24630,Failed to load signal
JS24643,Failed to load signal
JS24883,Too few R-peaks
JS25721,Failed to load signal
JS26058,Failed to load signal
JS26062,Failed to load signal
JS26066,Failed to load signal
JS26109,Failed to load signal
JS27692,Failed to load signal
JS27700,Failed to load signal
JS28526,Failed to load signal
JS33192,Failed to load signal
JS36683,Failed to load signal
JS37531,Failed to load signal
JS37532,Failed to load signal
JS38511,Failed to load signal
JS39645,Failed to load signal
JS42292,Too few R-peaks
JS43219,cannot convert float NaN to integer
JS45354,Too few R-peaks
JS45371,Too few R-peaks
JS45386,index 0 is out of bounds for axis 0 with size 0
JS45400,Too few R-peaks
JS45411,Too few R-peaks
JS45438,Too few R-peaks
JS45440,Too few R-peaks
JS45442,cannot convert float NaN to integer
JS45447,Too few R-peaks
JS45448,cannot convert float NaN to integer
JS45451,Too few R-peaks
JS45459,Too few R-peaks
JS45460,Too few R-peaks
JS45463,Too few R-peaks
JS45469,Too few R-peaks
JS45471,cannot convert float NaN to integer
JS45474,Too few R-peaks
JS45475,Too few R-peaks
JS45476,cannot convert float NaN to integer
JS45477,cannot convert float NaN to integer
JS45478,Too few R-peaks
JS45480,Too few R-peaks
JS45483,Too few R-peaks
JS45487,Too few R-peaks
JS45498,cannot convert float NaN to integer
JS45501,Too few R-peaks
JS45502,Too few R-peaks
JS45518,Too few R-peaks
JS45523,Too few R-peaks
JS45524,Too few R-peaks
JS45526,Too few R-peaks
JS45528,Too few R-peaks
JS45529,Too few R-peaks
JS45530,Too few R-peaks
JS45533,Too few R-peaks
JS45535,Too few R-peaks
JS45536,Too few R-peaks
JS45545,Too few R-peaks
JS45546,Too few R-peaks
